total_test_negative,since_date,total_icu_yesterday,total_patient,covid_icu_today,total_patient_today,covid_icu_yesterday,positivity_rate_last_week,total_icu_today,cumm_patient_today,total_icu_beds,info_date,total_test_positive,cumm_patient_yesterday,cumm_patient_discharged_today,total_patient_yesterday,cumm_patient_discharged_yesterday,positivity_rate,total_beds,percent_unvaccinated,cumm_deaths_today,cumm_deaths_yesterday
41855.0,Reflects patients tested through SMH systems since March 2,51.0,721.0,11.0,86.0,9.0,10.0,62.0,1587.0,72.0,2020-12-31 00:00:00,2046.0,1573.0,1769.0,83.0,1751.0,9.7,839.0,,,
41855.0,Reflects patients tested through SMH systems since March 2,51.0,721.0,11.0,86.0,9.0,10.0,62.0,1587.0,72.0,2020-12-31 00:00:00,2046.0,1573.0,1769.0,83.0,1751.0,9.7,839.0,,,
41855.0,Reflects patients tested through SMH systems since March 2,51.0,721.0,11.0,86.0,9.0,10.0,62.0,1587.0,72.0,2020-12-31 00:00:00,2046.0,1573.0,1769.0,83.0,1751.0,9.7,839.0,,,
42603.0,Reflects patients tested through SMH systems since March 2,53.0,701.0,8.0,88.0,9.0,9.2,54.0,1627.0,72.0,2021-01-04 00:00:00,2166.0,1614.0,1821.0,86.0,1812.0,10.4,839.0,,,
43026.0,Reflects patients tested through SMH systems since March 2,54.0,750.0,9.0,92.0,8.0,9.2,60.0,1646.0,72.0,2021-01-05 00:00:00,2198.0,1627.0,1845.0,88.0,1821.0,10.6,839.0,,,
43335.0,Reflects patients tested through SMH systems since March 2,,770.0,9.0,82.0,,9.2,60.0,1661.0,72.0,2021-01-06 00:00:00,2228.0,1646.0,1860.0,92.0,1845.0,10.6,839.0,,,
43641.0,Reflects patients tested through SMH systems since March 2,60.0,763.0,14.0,90.0,9.0,9.2,64.0,1674.0,72.0,2021-01-07 00:00:00,2247.0,1661.0,1876.0,89.0,1860.0,10.1,839.0,,,
43879.0,Reflects patients tested through SMH systems since March 2,64.0,739.0,13.0,93.0,14.0,9.2,52.0,1690.0,72.0,2021-01-08 00:00:00,2276.0,1674.0,1890.0,90.0,1876.0,10.3,839.0,,,
43879.0,Reflects patients tested through SMH systems since March 2,64.0,739.0,13.0,93.0,14.0,9.2,52.0,1690.0,72.0,2021-01-08 00:00:00,2276.0,1674.0,1890.0,90.0,1876.0,10.3,839.0,,,
43879.0,Reflects patients tested through SMH systems since March 2,64.0,739.0,13.0,93.0,14.0,9.2,52.0,1690.0,72.0,2021-01-08 00:00:00,2276.0,1674.0,1890.0,90.0,1876.0,10.3,839.0,,,
44429.0,Reflects patients tested through SMH systems since March 2,51.0,687.0,14.0,77.0,,10.3,47.0,1719.0,72.0,2021-01-11 00:00:00,2332.0,1711.0,1942.0,86.0,1925.0,8.3,839.0,,,
44763.0,Reflects patients tested through SMH systems since March 2,47.0,733.0,15.0,80.0,14.0,10.3,49.0,1730.0,72.0,2021-01-12 00:00:00,2360.0,1719.0,1956.0,77.0,1942.0,8.5,839.0,,,
45080.0,Reflects patients tested through SMH systems since March 2,49.0,733.0,15.0,79.0,,10.3,56.0,1744.0,72.0,2021-01-13 00:00:00,2381.0,1730.0,1973.0,80.0,1956.0,8.0,839.0,,,
45341.0,Reflects patients tested through SMH systems since March 2,56.0,742.0,19.0,80.0,15.0,10.3,63.0,1761.0,72.0,2021-01-14 00:00:00,2399.0,1744.0,1991.0,79.0,1973.0,8.1,839.0,,,
45556.0,Reflects patients tested through SMH systems since March 2,63.0,725.0,19.0,82.0,,10.3,62.0,1772.0,72.0,2021-01-15 00:00:00,2417.0,1761.0,2002.0,80.0,1991.0,7.8,839.0,,,
45556.0,Reflects patients tested through SMH systems since March 2,63.0,725.0,19.0,82.0,,10.3,62.0,1772.0,72.0,2021-01-15 00:00:00,2417.0,1761.0,2002.0,80.0,1991.0,7.8,839.0,,,
45556.0,Reflects patients tested through SMH systems since March 2,63.0,725.0,19.0,82.0,,10.3,62.0,1772.0,72.0,2021-01-15 00:00:00,2417.0,1761.0,2002.0,80.0,1991.0,7.8,839.0,,,
46126.0,Reflects patients tested through SMH systems since March 2,56.0,663.0,24.0,91.0,21.0,7.8,53.0,1809.0,72.0,2021-01-18 00:00:00,2489.0,1800.0,2039.0,90.0,2027.0,8.5,839.0,,,
46441.0,Reflects patients tested through SMH systems since March 2,,726.0,21.0,89.0,24.0,7.8,53.0,1817.0,72.0,2021-01-19 00:00:00,2512.0,1809.0,2053.0,91.0,2039.0,8.2,839.0,,,
46737.0,Reflects patients tested through SMH systems since March 2,53.0,735.0,16.0,87.0,21.0,7.8,60.0,1830.0,72.0,2021-01-20 00:00:00,2536.0,1817.0,2068.0,89.0,2053.0,8.0,839.0,,,
47012.0,Reflects patients tested through SMH systems since March 2,60.0,743.0,20.0,81.0,16.0,7.8,63.0,1841.0,72.0,2021-01-21 00:00:00,2556.0,1830.0,2089.0,87.0,2068.0,8.1,839.0,,,
47373.0,Reflects patients tested through SMH systems since March 2,63.0,723.0,19.0,77.0,20.0,7.8,53.0,1849.0,72.0,2021-01-22 00:00:00,2568.0,1841.0,2102.0,81.0,2089.0,7.3,839.0,,,
47373.0,Reflects patients tested through SMH systems since March 2,63.0,723.0,19.0,77.0,20.0,7.8,53.0,1849.0,72.0,2021-01-22 00:00:00,2568.0,1841.0,2102.0,81.0,2089.0,7.3,839.0,,,
47373.0,Reflects patients tested through SMH systems since March 2,63.0,723.0,19.0,77.0,20.0,7.8,53.0,1849.0,72.0,2021-01-22 00:00:00,2568.0,1841.0,2102.0,81.0,2089.0,7.3,839.0,,,
48131.0,Reflects patients tested through SMH systems since March 2,58.0,707.0,15.0,79.0,17.0,7.3,54.0,1881.0,72.0,2021-01-25 00:00:00,2612.0,1870.0,2138.0,74.0,2133.0,5.6,839.0,,,
48468.0,Reflects patients tested through SMH systems since March 2,54.0,744.0,13.0,71.0,15.0,7.3,60.0,1892.0,72.0,2021-01-26 00:00:00,2631.0,1881.0,2164.0,79.0,2138.0,5.3,839.0,,,
48906.0,Reflects patients tested through SMH systems since March 2,60.0,764.0,15.0,73.0,13.0,7.3,61.0,1902.0,72.0,2021-01-27 00:00:00,2645.0,1892.0,2157.0,71.0,2144.0,5.0,839.0,,,
49181.0,Reflects patients tested through SMH systems since March 2,61.0,781.0,14.0,75.0,15.0,7.3,63.0,1915.0,72.0,2021-01-28 00:00:00,2660.0,1902.0,2171.0,73.0,2157.0,4.7,839.0,,,
49419.0,Reflects patients tested through SMH systems since March 2,63.0,730.0,16.0,69.0,14.0,7.3,67.0,1924.0,72.0,2021-01-29 00:00:00,2672.0,1915.0,2188.0,75.0,2171.0,4.8,839.0,,,
49419.0,Reflects patients tested through SMH systems since March 2,63.0,730.0,16.0,69.0,14.0,7.3,67.0,1924.0,72.0,2021-01-29 00:00:00,2672.0,1915.0,2188.0,75.0,2171.0,4.8,839.0,,,
49419.0,Reflects patients tested through SMH systems since March 2,63.0,730.0,16.0,69.0,14.0,7.3,67.0,1924.0,72.0,2021-01-29 00:00:00,2672.0,1915.0,2188.0,75.0,2171.0,4.8,839.0,,,
50153.0,Reflects patients tested through SMH systems since March 2,,674.0,20.0,62.0,18.0,4.8,63.0,1942.0,72.0,2021-02-01 00:00:00,2715.0,1937.0,2214.0,61.0,2208.0,5.0,839.0,,,
50488.0,Reflects patients tested through SMH systems since March 2,63.0,732.0,18.0,61.0,20.0,4.8,62.0,1953.0,72.0,2021-02-02 00:00:00,2736.0,1942.0,2228.0,62.0,2214.0,5.1,839.0,,,
50772.0,Reflects patients tested through SMH systems since March 2,62.0,729.0,17.0,61.0,18.0,4.8,58.0,1966.0,72.0,2021-02-03 00:00:00,2751.0,1953.0,2242.0,,2228.0,5.2,839.0,,,
51051.0,Reflects patients tested through SMH systems since March 2,58.0,711.0,15.0,54.0,17.0,4.8,60.0,1970.0,72.0,2021-02-04 00:00:00,2759.0,1966.0,2250.0,61.0,2242.0,5.1,839.0,,,
51316.0,Reflects patients tested through SMH systems since March 2,,702.0,12.0,45.0,15.0,4.8,60.0,1975.0,72.0,2021-02-05 00:00:00,2769.0,1970.0,2265.0,54.0,2250.0,5.0,839.0,,,
51316.0,Reflects patients tested through SMH systems since March 2,,702.0,12.0,45.0,15.0,4.8,60.0,1975.0,72.0,2021-02-05 00:00:00,2769.0,1970.0,2265.0,54.0,2250.0,5.0,839.0,,,
51316.0,Reflects patients tested through SMH systems since March 2,,702.0,12.0,45.0,15.0,4.8,60.0,1975.0,72.0,2021-02-05 00:00:00,2769.0,1970.0,2265.0,54.0,2250.0,5.0,839.0,,,
51908.0,Reflects patients tested through SMH systems since March 2,65.0,611.0,10.0,40.0,12.0,5.0,53.0,1993.0,72.0,2021-02-08 00:00:00,2793.0,1991.0,2294.0,44.0,2288.0,4.3,839.0,,,
52222.0,Reflects patients tested through SMH systems since March 2,53.0,701.0,11.0,40.0,10.0,5.0,58.0,1999.0,72.0,2021-02-09 00:00:00,2799.0,1993.0,2301.0,,2294.0,3.4,839.0,,,
52510.0,Reflects patients tested through SMH systems since March 2,58.0,718.0,10.0,45.0,11.0,5.0,55.0,1999.0,72.0,2021-02-10 00:00:00,2811.0,1993.0,2304.0,40.0,1999.0,3.2,839.0,,,
52850.0,Reflects patients tested through SMH systems since March 2,55.0,710.0,11.0,46.0,10.0,5.0,60.0,2019.0,72.0,2021-02-11 00:00:00,2826.0,2008.0,2319.0,45.0,2304.0,3.5,839.0,,,
53135.0,Reflects patients tested through SMH systems since March 2,60.0,712.0,9.0,39.0,11.0,5.0,58.0,2024.0,72.0,2021-02-12 00:00:00,2832.0,2019.0,2332.0,46.0,2319.0,3.3,839.0,,,
53135.0,Reflects patients tested through SMH systems since March 2,60.0,712.0,9.0,39.0,11.0,5.0,58.0,2024.0,72.0,2021-02-12 00:00:00,2832.0,2019.0,2332.0,46.0,2319.0,3.3,839.0,,,
53135.0,Reflects patients tested through SMH systems since March 2,60.0,712.0,9.0,39.0,11.0,5.0,58.0,2024.0,72.0,2021-02-12 00:00:00,2832.0,2019.0,2332.0,46.0,2319.0,3.3,839.0,,,
53135.0,Reflects patients tested through SMH systems since March 2,61.0,692.0,7.0,40.0,8.0,3.1,56.0,2044.0,72.0,2021-02-15 00:00:00,2832.0,2038.0,2354.0,,2348.0,3.4,839.0,,,
54140.0,Reflects patients tested through SMH systems since March 2,,752.0,10.0,44.0,7.0,3.1,56.0,2056.0,72.0,2021-02-16 00:00:00,2873.0,2044.0,2366.0,40.0,2354.0,3.7,839.0,,,
54448.0,Reflects patients tested through SMH systems since March 2,56.0,783.0,11.0,48.0,10.0,3.1,61.0,2065.0,72.0,2021-02-17 00:00:00,2884.0,2056.0,2372.0,44.0,2366.0,3.7,839.0,,,
54949.0,Reflects patients tested through SMH systems since March 2,59.0,735.0,12.0,47.0,,3.1,57.0,2081.0,72.0,2021-02-18 00:00:00,2909.0,2076.0,2391.0,51.0,2381.0,4.1,839.0,,,
54692.0,Reflects patients tested through SMH systems since March 2,61.0,753.0,12.0,51.0,11.0,3.1,59.0,2076.0,72.0,2021-02-18 00:00:00,2897.0,2065.0,2381.0,48.0,2372.0,3.7,839.0,,,
54949.0,Reflects patients tested through SMH systems since March 2,59.0,735.0,12.0,47.0,,3.1,57.0,2081.0,72.0,2021-02-18 00:00:00,2909.0,2076.0,2391.0,51.0,2381.0,4.1,839.0,,,
54949.0,Reflects patients tested through SMH systems since March 2,59.0,735.0,12.0,47.0,,3.1,57.0,2081.0,72.0,2021-02-18 00:00:00,2909.0,2076.0,2391.0,51.0,2381.0,4.1,839.0,,,
55558.0,Reflects patients tested through SMH systems since March 2,55.0,670.0,12.0,37.0,15.0,4.1,44.0,2093.0,72.0,2021-02-22 00:00:00,2933.0,2086.0,2418.0,,2410.0,4.0,839.0,,,
55897.0,Reflects patients tested through SMH systems since March 2,44.0,700.0,13.0,41.0,12.0,4.1,57.0,2098.0,72.0,2021-02-23 00:00:00,2943.0,2093.0,2425.0,37.0,2418.0,3.9,839.0,,,
56224.0,Reflects patients tested through SMH systems since March 2,57.0,716.0,11.0,38.0,13.0,4.1,56.0,2106.0,72.0,2021-02-24 00:00:00,2950.0,2098.0,2435.0,41.0,2425.0,3.6,839.0,,,
56224.0,Reflects patients tested through SMH systems since March 2,57.0,716.0,11.0,38.0,13.0,4.1,56.0,2106.0,72.0,2021-02-24 00:00:00,2950.0,2098.0,2435.0,41.0,2425.0,3.6,839.0,,,
56782.0,Reflects patients tested through SMH systems since March 2,,790.0,14.0,44.0,13.0,4.1,64.0,2121.0,72.0,2021-02-26 00:00:00,2972.0,2117.0,2448.0,45.0,2442.0,3.3,839.0,,,
56782.0,Reflects patients tested through SMH systems since March 2,,790.0,14.0,44.0,13.0,4.1,64.0,2121.0,72.0,2021-02-26 00:00:00,2972.0,2117.0,2448.0,45.0,2442.0,3.3,839.0,,,
56782.0,Reflects patients tested through SMH systems since March 2,,790.0,14.0,44.0,13.0,4.1,64.0,2121.0,72.0,2021-02-26 00:00:00,2972.0,2117.0,2448.0,45.0,2442.0,3.3,839.0,,,
57408.0,Reflects patients tested through SMH systems since March 2,,709.0,7.0,33.0,9.0,3.3,55.0,2131.0,72.0,2021-03-01 00:00:00,2999.0,2127.0,2470.0,38.0,2462.0,3.4,839.0,,,
57752.0,Reflects patients tested through SMH systems since March 2,55.0,765.0,8.0,36.0,7.0,3.3,59.0,2135.0,72.0,2021-03-02 00:00:00,3008.0,2131.0,2473.0,33.0,2470.0,3.4,839.0,,,
58088.0,Reflects patients tested through SMH systems since March 2,59.0,745.0,10.0,38.0,8.0,3.3,63.0,2141.0,72.0,2021-03-03 00:00:00,3017.0,2135.0,2482.0,36.0,2473.0,3.5,839.0,,,
58303.0,Reflects patients tested through SMH systems since March 2,63.0,757.0,13.0,44.0,10.0,3.3,65.0,2151.0,72.0,2021-03-04 00:00:00,3025.0,2135.0,2487.0,38.0,2482.0,3.1,839.0,,,
58561.0,Reflects patients tested through SMH systems since March 2,65.0,798.0,16.0,45.0,13.0,3.3,69.0,2158.0,72.0,2021-03-05 00:00:00,3033.0,2151.0,2496.0,44.0,2487.0,3.4,839.0,,,
58561.0,Reflects patients tested through SMH systems since March 2,65.0,798.0,16.0,45.0,13.0,3.3,69.0,2158.0,72.0,2021-03-05 00:00:00,3033.0,2151.0,2496.0,44.0,2487.0,3.4,839.0,,,
58561.0,Reflects patients tested through SMH systems since March 2,65.0,798.0,16.0,45.0,13.0,3.3,69.0,2158.0,72.0,2021-03-05 00:00:00,3033.0,2151.0,2496.0,44.0,2487.0,3.4,839.0,,,
59137.0,Reflects patients tested through SMH systems since March 2020,,733.0,10.0,43.0,12.0,3.4,57.0,2173.0,72.0,2021-03-08 00:00:00,3061.0,2167.0,2518.0,42.0,2509.0,3.4,839.0,,,
59464.0,Reflects patients tested through SMH systems since March 2020,57.0,760.0,7.0,39.0,10.0,3.4,59.0,2178.0,72.0,2021-03-09 00:00:00,3067.0,2173.0,2529.0,43.0,2518.0,3.3,839.0,,,
59805.0,Reflects patients tested through SMH systems since March 2020,59.0,778.0,8.0,36.0,7.0,3.4,66.0,2182.0,72.0,2021-03-10 00:00:00,3069.0,2178.0,2535.0,39.0,2529.0,3.0,839.0,,,
60096.0,Reflects patients tested through SMH systems since March 2020,66.0,770.0,9.0,34.0,8.0,3.4,64.0,2188.0,72.0,2021-03-11 00:00:00,3075.0,2182.0,2543.0,36.0,2535.0,2.7,839.0,,,
60356.0,Reflects patients tested through SMH systems since March 2020,64.0,757.0,8.0,32.0,,3.4,58.0,2191.0,72.0,2021-03-12 00:00:00,3080.0,2188.0,2548.0,34.0,2543.0,2.6,839.0,,,
60356.0,Reflects patients tested through SMH systems since March 2020,64.0,757.0,8.0,32.0,,3.4,58.0,2191.0,72.0,2021-03-12 00:00:00,3080.0,2188.0,2548.0,34.0,2543.0,2.6,839.0,,,
60356.0,Reflects patients tested through SMH systems since March 2020,64.0,757.0,8.0,32.0,,3.4,58.0,2191.0,72.0,2021-03-12 00:00:00,3080.0,2188.0,2548.0,34.0,2543.0,2.6,839.0,,,
60957.0,Reflects patients tested through SMH systems since March 2020,47.0,697.0,8.0,34.0,,2.6,45.0,2208.0,72.0,2021-03-15 00:00:00,3101.0,2200.0,2565.0,33.0,2558.0,2.1,839.0,,,
61310.0,Reflects patients tested through SMH systems since March 2020,45.0,726.0,7.0,30.0,8.0,2.6,43.0,2216.0,72.0,2021-03-16 00:00:00,3112.0,2208.0,2578.0,34.0,2565.0,2.4,839.0,,,
61729.0,Reflects patients tested through SMH systems since March 2020,43.0,736.0,7.0,30.0,,2.6,49.0,2219.0,72.0,2021-03-17 00:00:00,3117.0,2216.0,2582.0,,2578.0,2.4,839.0,,,
61977.0,Reflects patients tested through SMH systems since March 2020,49.0,716.0,6.0,25.0,7.0,2.6,53.0,2223.0,72.0,2021-03-18 00:00:00,3126.0,2216.0,2591.0,30.0,2582.0,2.6,839.0,,,
62241.0,Reflects patients tested through SMH systems since March 2,53.0,729.0,5.0,26.0,6.0,2.6,51.0,2227.0,72.0,2021-03-19 00:00:00,3132.0,2223.0,2597.0,25.0,2591.0,2.7,839.0,,,
62241.0,Reflects patients tested through SMH systems since March 2,53.0,729.0,5.0,26.0,6.0,2.6,51.0,2227.0,72.0,2021-03-19 00:00:00,3132.0,2223.0,2597.0,25.0,2591.0,2.7,839.0,,,
62241.0,Reflects patients tested through SMH systems since March 2,53.0,729.0,5.0,26.0,6.0,2.6,51.0,2227.0,72.0,2021-03-19 00:00:00,3132.0,2223.0,2597.0,25.0,2591.0,2.7,839.0,,,
62816.0,Reflects patients tested through SMH systems since March 2,50.0,678.0,6.0,29.0,,2.7,51.0,2243.0,72.0,2021-03-22 00:00:00,3159.0,2237.0,2611.0,28.0,2604.0,3.0,839.0,,,
63167.0,Reflects patients tested through SMH systems since March 2,51.0,745.0,4.0,29.0,6.0,2.7,53.0,2250.0,72.0,2021-03-23 00:00:00,3168.0,2243.0,2619.0,,2611.0,2.9,839.0,,,
63551.0,Reflects patients tested through SMH systems since March 2,53.0,745.0,4.0,28.0,,2.7,58.0,2256.0,72.0,2021-03-24 00:00:00,3181.0,2250.0,2630.0,29.0,2619.0,3.4,839.0,,,
63837.0,Reflects patients tested through SMH systems since March 2,58.0,749.0,3.0,26.0,4.0,2.7,55.0,2262.0,72.0,2021-03-25 00:00:00,3187.0,2256.0,2639.0,28.0,2630.0,3.2,839.0,,,
64064.0,Reflects patients tested through SMH systems since March 2,55.0,755.0,3.0,32.0,,2.7,54.0,2273.0,72.0,2021-03-26 00:00:00,3199.0,2262.0,2647.0,26.0,2639.0,3.5,839.0,,,
64064.0,Reflects patients tested through SMH systems since March 2,55.0,755.0,3.0,32.0,,2.7,54.0,2273.0,72.0,2021-03-26 00:00:00,3199.0,2262.0,2647.0,26.0,2639.0,3.5,839.0,,,
64064.0,Reflects patients tested through SMH systems since March 2,55.0,755.0,3.0,32.0,,2.7,54.0,2273.0,72.0,2021-03-26 00:00:00,3199.0,2262.0,2647.0,26.0,2639.0,3.5,839.0,,,
64696.0,Reflects patients tested through SMH systems since March 2,47.0,727.0,6.0,32.0,5.0,3.5,53.0,2291.0,72.0,2021-03-29 00:00:00,3232.0,2285.0,2684.0,28.0,2668.0,3.8,839.0,,,
65034.0,Reflects patients tested through SMH systems since March 2,53.0,765.0,6.0,36.0,,3.5,46.0,2299.0,72.0,2021-03-30 00:00:00,3244.0,2291.0,2679.0,32.0,2674.0,3.9,839.0,,,
65386.0,Reflects patients tested through SMH systems since March 2,46.0,783.0,7.0,35.0,6.0,3.5,54.0,2304.0,72.0,2021-03-31 00:00:00,3250.0,2291.0,2686.0,36.0,2679.0,3.6,839.0,,,
65685.0,Reflects patients tested through SMH systems since March 2,54.0,770.0,7.0,33.0,,3.5,49.0,2310.0,72.0,2021-04-01 00:00:00,3260.0,2304.0,2697.0,35.0,2686.0,3.8,839.0,,,
65973.0,Reflects patients tested through SMH systems since March 2,49.0,753.0,7.0,35.0,,3.5,44.0,2316.0,72.0,2021-04-02 00:00:00,3271.0,2310.0,2704.0,33.0,2697.0,3.7,839.0,,,
65973.0,Reflects patients tested through SMH systems since March 2,49.0,753.0,7.0,35.0,,3.5,44.0,2316.0,72.0,2021-04-02 00:00:00,3271.0,2310.0,2704.0,33.0,2697.0,3.7,839.0,,,
65973.0,Reflects patients tested through SMH systems since March 2,49.0,753.0,7.0,35.0,,3.5,44.0,2316.0,72.0,2021-04-02 00:00:00,3271.0,2310.0,2704.0,33.0,2697.0,3.7,839.0,,,
66618.0,Reflects patients tested through SMH systems since March 2,48.0,664.0,8.0,31.0,6.0,3.8,46.0,2328.0,72.0,2021-04-05 00:00:00,3296.0,2327.0,2728.0,33.0,2721.0,3.2,839.0,,,
66982.0,Reflects patients tested through SMH systems since March 2,46.0,723.0,8.0,29.0,,3.8,50.0,2334.0,72.0,2021-04-06 00:00:00,3306.0,2328.0,2737.0,31.0,2728.0,3.1,839.0,,,
67331.0,Reflects patients tested through SMH systems since March 2,50.0,764.0,8.0,28.0,,3.8,54.0,2337.0,72.0,2021-04-07 00:00:00,3314.0,2334.0,2742.0,29.0,2737.0,3.2,839.0,,,
67604.0,Reflects patients tested through SMH systems since March 2,54.0,759.0,8.0,28.0,,3.8,51.0,2345.0,72.0,2021-04-08 00:00:00,3328.0,2337.0,2753.0,,2742.0,3.4,839.0,,,
67888.0,Reflects patients tested through SMH systems since March 2,51.0,759.0,9.0,28.0,8.0,3.8,60.0,2349.0,72.0,2021-04-09 00:00:00,3336.0,2345.0,2761.0,,2753.0,3.2,839.0,,,
67888.0,Reflects patients tested through SMH systems since March 2,51.0,759.0,9.0,28.0,8.0,3.8,60.0,2349.0,72.0,2021-04-09 00:00:00,3336.0,2345.0,2761.0,,2753.0,3.2,839.0,,,
67888.0,Reflects patients tested through SMH systems since March 2,51.0,759.0,9.0,28.0,8.0,3.8,60.0,2349.0,72.0,2021-04-09 00:00:00,3336.0,2345.0,2761.0,,2753.0,3.2,839.0,,,
68529.0,Reflects patients tested through SMH systems since March 2,51.0,713.0,8.0,36.0,9.0,3.2,52.0,2365.0,72.0,2021-04-12 00:00:00,3361.0,2357.0,2776.0,32.0,2771.0,3.2,839.0,,,
68888.0,Reflects patients tested through SMH systems since March 2,52.0,767.0,7.0,44.0,8.0,3.2,55.0,2378.0,72.0,2021-04-13 00:00:00,3374.0,2365.0,2782.0,36.0,2776.0,3.4,839.0,,,
69283.0,Reflects patients tested through SMH systems since March 2,55.0,816.0,8.0,46.0,7.0,3.2,60.0,2385.0,72.0,2021-04-14 00:00:00,3383.0,2378.0,2790.0,44.0,2782.0,3.4,839.0,,,
69557.0,Reflects patients tested through SMH systems since March 2,60.0,777.0,8.0,51.0,,3.2,58.0,2395.0,72.0,2021-04-15 00:00:00,3391.0,2385.0,2797.0,46.0,2790.0,3.1,839.0,,,
69806.0,Reflects patients tested through SMH systems since March 2,,747.0,11.0,51.0,8.0,3.2,58.0,2404.0,72.0,2021-04-16 00:00:00,3407.0,2395.0,2808.0,,2797.0,3.6,839.0,,,
69806.0,Reflects patients tested through SMH systems since March 2,,747.0,11.0,51.0,8.0,3.2,58.0,2404.0,72.0,2021-04-16 00:00:00,3407.0,2395.0,2808.0,,2797.0,3.6,839.0,,,
69806.0,Reflects patients tested through SMH systems since March 2,,747.0,11.0,51.0,8.0,3.2,58.0,2404.0,72.0,2021-04-16 00:00:00,3407.0,2395.0,2808.0,,2797.0,3.6,839.0,,,
70454.0,Reflects patients tested through SMH systems since March 2,51.0,710.0,9.0,53.0,,3.6,47.0,2428.0,72.0,2021-04-19 00:00:00,3441.0,2421.0,2830.0,52.0,2821.0,4.0,839.0,,,
70767.0,Reflects patients tested through SMH systems since March 2,47.0,766.0,9.0,52.0,,3.6,53.0,2435.0,72.0,2021-04-20 00:00:00,3449.0,2428.0,2839.0,53.0,2830.0,4.0,839.0,,,
71128.0,Reflects patients tested through SMH systems since March 2,53.0,752.0,8.0,43.0,9.0,3.6,50.0,2437.0,62.0,2021-04-21 00:00:00,3458.0,2435.0,2853.0,52.0,2839.0,4.0,839.0,,,
71445.0,Reflects patients tested through SMH systems since March 2,50.0,755.0,8.0,43.0,,3.6,57.0,2445.0,62.0,2021-04-22 00:00:00,3464.0,2437.0,2861.0,,2853.0,3.6,839.0,,,
71665.0,Reflects patients tested through SMH systems since March 2,57.0,743.0,9.0,42.0,8.0,3.6,49.0,2453.0,62.0,2021-04-23 00:00:00,3477.0,2445.0,2874.0,43.0,2861.0,3.6,839.0,,,
71665.0,Reflects patients tested through SMH systems since March 2,57.0,743.0,9.0,42.0,8.0,3.6,49.0,2453.0,62.0,2021-04-23 00:00:00,3477.0,2445.0,2874.0,43.0,2861.0,3.6,839.0,,,
71665.0,Reflects patients tested through SMH systems since March 2,57.0,743.0,9.0,42.0,8.0,3.6,49.0,2453.0,62.0,2021-04-23 00:00:00,3477.0,2445.0,2874.0,43.0,2861.0,3.6,839.0,,,
72270.0,Reflects patients tested through SMH systems since March 2,52.0,680.0,9.0,50.0,,3.6,53.0,2473.0,62.0,2021-04-26 00:00:00,3497.0,2467.0,2890.0,46.0,2887.0,3.0,839.0,,,
72614.0,Reflects patients tested through SMH systems since March 2,,732.0,10.0,44.0,9.0,3.6,53.0,2480.0,62.0,2021-04-27 00:00:00,3504.0,2473.0,2905.0,50.0,2890.0,2.9,839.0,,,
72963.0,Reflects patients tested through SMH systems since March 2,53.0,723.0,11.0,42.0,10.0,3.6,58.0,2488.0,62.0,2021-04-28 00:00:00,3513.0,2480.0,2918.0,44.0,2905.0,2.9,839.0,,,
73242.0,Reflects patients tested through SMH systems since March 2,58.0,731.0,11.0,39.0,,3.6,61.0,2493.0,66.0,2021-04-29 00:00:00,3520.0,2488.0,2929.0,42.0,2918.0,3.1,839.0,,,
73476.0,Reflects patients tested through SMH systems since March 2,61.0,722.0,10.0,39.0,11.0,3.6,51.0,2502.0,66.0,2021-04-30 00:00:00,3529.0,2493.0,2939.0,,2929.0,2.8,839.0,,,
73476.0,Reflects patients tested through SMH systems since March 2,61.0,722.0,10.0,39.0,11.0,3.6,51.0,2502.0,66.0,2021-04-30 00:00:00,3529.0,2493.0,2939.0,,2929.0,2.8,839.0,,,
73476.0,Reflects patients tested through SMH systems since March 2,61.0,722.0,10.0,39.0,11.0,3.6,51.0,2502.0,66.0,2021-04-30 00:00:00,3529.0,2493.0,2939.0,,2929.0,2.8,839.0,,,
74084.0,Reflects patients tested through SMH systems since March 2,53.0,677.0,11.0,34.0,10.0,2.8,52.0,2514.0,66.0,2021-05-03 00:00:00,3543.0,2511.0,2956.0,36.0,2954.0,2.5,839.0,,,
74410.0,Reflects patients tested through SMH systems since March 2,52.0,734.0,13.0,27.0,11.0,2.8,53.0,2516.0,62.0,2021-05-04 00:00:00,3548.0,2514.0,2967.0,34.0,2956.0,2.4,839.0,,,
74737.0,Reflects patients tested through SMH systems since March 2,53.0,749.0,13.0,27.0,,2.8,56.0,2518.0,62.0,2021-05-05 00:00:00,3553.0,2516.0,2970.0,,2967.0,2.2,839.0,,,
75031.0,Reflects patients tested through SMH systems since March 2,56.0,766.0,12.0,27.0,13.0,2.8,51.0,2523.0,62.0,2021-05-06 00:00:00,3556.0,2518.0,2976.0,,2970.0,1.9,839.0,,,
75292.0,Reflects patients tested through SMH systems since March 2,51.0,759.0,10.0,29.0,12.0,2.8,49.0,2527.0,62.0,2021-05-07 00:00:00,3567.0,2523.0,2980.0,27.0,2976.0,2.0,839.0,,,
75292.0,Reflects patients tested through SMH systems since March 2,51.0,759.0,10.0,29.0,12.0,2.8,49.0,2527.0,62.0,2021-05-07 00:00:00,3567.0,2523.0,2980.0,27.0,2976.0,2.0,839.0,,,
75292.0,Reflects patients tested through SMH systems since March 2,51.0,759.0,10.0,29.0,12.0,2.8,49.0,2527.0,62.0,2021-05-07 00:00:00,3567.0,2523.0,2980.0,27.0,2976.0,2.0,839.0,,,
75862.0,Reflects patients tested through SMH systems since March 2,47.0,661.0,11.0,30.0,,2.0,42.0,2527.0,62.0,2021-05-10 00:00:00,3576.0,,2989.0,34.0,2985.0,1.8,839.0,,,
76173.0,Reflects patients tested through SMH systems since March 2,42.0,749.0,11.0,29.0,,2.0,54.0,2544.0,62.0,2021-05-11 00:00:00,3588.0,2537.0,3002.0,30.0,2989.0,2.2,839.0,,,
76496.0,Reflects patients tested through SMH systems since March 2,54.0,754.0,9.0,29.0,11.0,2.0,52.0,2549.0,62.0,2021-05-12 00:00:00,3596.0,2544.0,3008.0,,3002.0,2.4,839.0,,,
76755.0,Reflects patients tested through SMH systems since March 2,52.0,778.0,6.0,23.0,9.0,2.0,53.0,2552.0,62.0,2021-05-13 00:00:00,3604.0,2549.0,3014.0,29.0,3008.0,2.7,839.0,,,
76972.0,Reflects patients tested through SMH systems since March 2,53.0,717.0,4.0,19.0,6.0,2.0,46.0,2555.0,62.0,2021-05-14 00:00:00,3608.0,2552.0,3023.0,23.0,3014.0,2.5,839.0,,,
76972.0,Reflects patients tested through SMH systems since March 2,53.0,717.0,4.0,19.0,6.0,2.0,46.0,2555.0,62.0,2021-05-14 00:00:00,3608.0,2552.0,3023.0,23.0,3014.0,2.5,839.0,,,
76972.0,Reflects patients tested through SMH systems since March 2,53.0,717.0,4.0,19.0,6.0,2.0,46.0,2555.0,62.0,2021-05-14 00:00:00,3608.0,2552.0,3023.0,23.0,3014.0,2.5,839.0,,,
77585.0,Reflects patients tested through SMH systems since March 2,43.0,680.0,2.0,18.0,3.0,2.5,42.0,2564.0,62.0,2021-05-17 00:00:00,3621.0,2561.0,3039.0,21.0,3031.0,2.4,839.0,,,
77925.0,Reflects patients tested through SMH systems since March 2,42.0,726.0,3.0,21.0,2.0,2.5,48.0,2569.0,62.0,2021-05-18 00:00:00,3628.0,2564.0,3042.0,18.0,3039.0,2.1,839.0,,,
78196.0,Reflects patients tested through SMH systems since March 2,48.0,718.0,4.0,20.0,3.0,2.5,49.0,2571.0,62.0,2021-05-19 00:00:00,3632.0,2569.0,3046.0,21.0,3042.0,2.0,839.0,,,
78478.0,Reflects patients tested through SMH systems since March 2,49.0,759.0,3.0,22.0,4.0,2.5,48.0,2577.0,62.0,2021-05-20 00:00:00,3637.0,2571.0,3052.0,20.0,3046.0,1.9,839.0,,,
78647.0,Reflects patients tested through SMH systems since March 2,48.0,723.0,3.0,18.0,,2.5,44.0,2580.0,62.0,2021-05-21 00:00:00,3645.0,2577.0,3061.0,22.0,3052.0,2.2,839.0,,,
78647.0,Reflects patients tested through SMH systems since March 2,48.0,723.0,3.0,18.0,,2.5,44.0,2580.0,62.0,2021-05-21 00:00:00,3645.0,2577.0,3061.0,22.0,3052.0,2.2,839.0,,,
78647.0,Reflects patients tested through SMH systems since March 2,48.0,723.0,3.0,18.0,,2.5,44.0,2580.0,62.0,2021-05-21 00:00:00,3645.0,2577.0,3061.0,22.0,3052.0,2.2,839.0,,,
79090.0,Reflects patients tested through SMH systems since March 2,36.0,621.0,5.0,17.0,,2.2,40.0,2590.0,62.0,2021-05-24 00:00:00,3661.0,2585.0,3073.0,18.0,3066.0,2.6,839.0,,,
79303.0,Reflects patients tested through SMH systems since March 2,40.0,652.0,4.0,19.0,5.0,2.2,44.0,2594.0,62.0,2021-05-25 00:00:00,3666.0,2590.0,3076.0,17.0,3073.0,2.8,839.0,,,
79497.0,Reflects patients tested through SMH systems since March 2,44.0,673.0,4.0,15.0,,2.2,51.0,2594.0,62.0,2021-05-26 00:00:00,3673.0,,3079.0,19.0,3076.0,3.1,839.0,,,
79710.0,Reflects patients tested through SMH systems since March 2,51.0,695.0,5.0,20.0,4.0,2.2,53.0,2600.0,62.0,2021-05-27 00:00:00,3679.0,2594.0,3083.0,15.0,3079.0,3.2,839.0,,,
79926.0,Reflects patients tested through SMH systems since March 2,53.0,713.0,4.0,22.0,5.0,2.2,52.0,2608.0,62.0,2021-05-28 00:00:00,3689.0,2600.0,3090.0,20.0,3083.0,3.1,839.0,,,
79926.0,Reflects patients tested through SMH systems since March 2,53.0,713.0,4.0,22.0,5.0,2.2,52.0,2608.0,62.0,2021-05-28 00:00:00,3689.0,2600.0,3090.0,20.0,3083.0,3.1,839.0,,,
79926.0,Reflects patients tested through SMH systems since March 2,53.0,713.0,4.0,22.0,5.0,2.2,52.0,2608.0,62.0,2021-05-28 00:00:00,3689.0,2600.0,3090.0,20.0,3083.0,3.1,839.0,,,
79926.0,Reflects patients tested through SMH systems since March 2,53.0,713.0,4.0,22.0,5.0,2.2,52.0,2608.0,62.0,2021-05-28 00:00:00,3689.0,2600.0,3090.0,20.0,3083.0,3.1,839.0,,,
80569.0,Reflects patients tested through SMH systems since March 2,44.0,630.0,5.0,16.0,6.0,3.1,41.0,2616.0,62.0,2021-06-01 00:00:00,3708.0,2615.0,3109.0,19.0,3105.0,3.2,839.0,,,
80788.0,Reflects patients tested through SMH systems since March 2,41.0,701.0,6.0,18.0,5.0,3.1,43.0,2618.0,62.0,2021-06-02 00:00:00,3710.0,2616.0,3110.0,16.0,3109.0,2.8,839.0,,,
80951.0,Reflects patients tested through SMH systems since March 2,43.0,698.0,4.0,16.0,6.0,3.1,37.0,2620.0,62.0,2021-06-03 00:00:00,3716.0,2618.0,3117.0,18.0,3110.0,2.8,839.0,,,
81188.0,Reflects patients tested through SMH systems since March 2,37.0,705.0,3.0,20.0,4.0,3.1,38.0,2625.0,62.0,2021-06-04 00:00:00,3724.0,2620.0,3118.0,16.0,3117.0,2.8,839.0,,,
81188.0,Reflects patients tested through SMH systems since March 2,37.0,705.0,3.0,20.0,4.0,3.1,38.0,2625.0,62.0,2021-06-04 00:00:00,3724.0,2620.0,3118.0,16.0,3117.0,2.8,839.0,,,
81188.0,Reflects patients tested through SMH systems since March 2,37.0,705.0,3.0,20.0,4.0,3.1,38.0,2625.0,62.0,2021-06-04 00:00:00,3724.0,2620.0,3118.0,16.0,3117.0,2.8,839.0,,,
81713.0,Reflects patients tested through SMH systems since March 2,,705.0,5.0,19.0,3.0,2.8,40.0,2637.0,62.0,2021-06-07 00:00:00,3739.0,2630.0,3135.0,17.0,3130.0,2.6,839.0,,,
81944.0,Reflects patients tested through SMH systems since March 2,40.0,726.0,4.0,16.0,5.0,2.8,47.0,2638.0,62.0,2021-06-08 00:00:00,3742.0,2637.0,3138.0,19.0,3135.0,2.5,839.0,,,
82126.0,Reflects patients tested through SMH systems since March 2,47.0,713.0,4.0,15.0,,2.8,45.0,2641.0,62.0,2021-06-09 00:00:00,3744.0,2638.0,3142.0,16.0,3138.0,2.5,839.0,,,
82336.0,Reflects patients tested through SMH systems since March 2,45.0,707.0,4.0,13.0,,2.8,42.0,2643.0,62.0,2021-06-10 00:00:00,3748.0,2641.0,3146.0,15.0,3142.0,2.2,839.0,,,
83220.0,Reflects patients tested through SMH systems since March 2,36.0,715.0,1.0,5.0,2.0,1.6,37.0,2649.0,62.0,2021-06-15 00:00:00,3764.0,,3161.0,8.0,3158.0,1.7,839.0,,,
83444.0,Reflects patients tested through SMH systems since March 2,37.0,732.0,0.0,5.0,1.0,1.6,38.0,2650.0,62.0,2021-06-16 00:00:00,3766.0,2649.0,3162.0,,3161.0,1.6,839.0,,,
83658.0,Reflects patients tested through SMH systems since March 2,38.0,734.0,0.0,8.0,,1.6,34.0,2653.0,62.0,2021-06-17 00:00:00,3768.0,2650.0,3162.0,5.0,,1.4,839.0,,,
83879.0,Reflects patients tested through SMH systems since March 2,34.0,733.0,0.0,6.0,,1.6,38.0,2653.0,62.0,2021-06-18 00:00:00,3770.0,,3164.0,8.0,3162.0,1.4,839.0,,,
83879.0,Reflects patients tested through SMH systems since March 2,34.0,733.0,0.0,6.0,,1.6,38.0,2653.0,62.0,2021-06-18 00:00:00,3770.0,,3164.0,8.0,3162.0,1.4,839.0,,,
83879.0,Reflects patients tested through SMH systems since March 2,34.0,733.0,0.0,6.0,,1.6,38.0,2653.0,62.0,2021-06-18 00:00:00,3770.0,,3164.0,8.0,3162.0,1.4,839.0,,,
83356.0,Reflects patients tested through SMH systems since March 2,32.0,622.0,0.0,5.0,,1.4,31.0,2656.0,62.0,2021-06-21 00:00:00,3770.0,2655.0,3168.0,6.0,3166.0,0.6,839.0,,,
84574.0,Reflects patients tested through SMH systems since March 2,31.0,691.0,0.0,6.0,,1.4,39.0,2659.0,62.0,2021-06-22 00:00:00,3777.0,2656.0,3173.0,5.0,3168.0,1.0,839.0,,,
84757.0,Reflects patients tested through SMH systems since March 2,39.0,688.0,0.0,6.0,,1.4,32.0,2660.0,62.0,2021-06-23 00:00:00,3780.0,2659.0,3174.0,,3173.0,1.1,839.0,,,
84965.0,Reflects patients tested through SMH systems since March 2,32.0,677.0,0.0,6.0,,1.4,35.0,2660.0,62.0,2021-06-24 00:00:00,3782.0,,3175.0,,3174.0,1.1,839.0,,,
85.0,Reflects patients tested through SMH systems since March 2,,666.0,1.0,5.0,0.0,1.4,35.0,2660.0,62.0,2021-06-25 00:00:00,3784.0,,3177.0,6.0,3175.0,1.2,839.0,,,
85.0,Reflects patients tested through SMH systems since March 2,,666.0,1.0,5.0,0.0,1.4,35.0,2660.0,62.0,2021-06-25 00:00:00,3784.0,,3177.0,6.0,3175.0,1.2,839.0,,,
85.0,Reflects patients tested through SMH systems since March 2,,666.0,1.0,5.0,0.0,1.4,35.0,2660.0,62.0,2021-06-25 00:00:00,3784.0,,3177.0,6.0,3175.0,1.2,839.0,,,
85584.0,Reflects patients tested through SMH systems since March 2 2020,26.0,602.0,1.0,11.0,,1.2,27.0,2666.0,62.0,2021-06-28 00:00:00,3794.0,2664.0,31807.0,9.0,3179.0,1.9,839.0,,,
85782.0,Reflects patients tested through SMH systems since March 2 2020,27.0,672.0,1.0,11.0,,1.2,32.0,2667.0,62.0,2021-06-29 00:00:00,3799.0,2666.0,3182.0,,3180.0,1.8,839.0,,,
85952.0,Reflects patients tested through SMH systems since March 2 2020,32.0,706.0,2.0,13.0,1.0,1.2,40.0,2670.0,62.0,2021-06-30 00:00:00,3801.0,2667.0,3183.0,11.0,3182.0,1.7,839.0,,,
86120.0,Reflects patients tested through SMH systems since March 2 2020,40.0,698.0,2.0,17.0,,1.2,37.0,2674.0,62.0,2021-07-01 00:00:00,3804.0,2670.0,3184.0,13.0,3183.0,1.9,839.0,,,
86260.0,Reflects patients tested through SMH systems since March 2 2020,37.0,681.0,3.0,13.0,2.0,1.2,39.0,2675.0,62.0,2021-07-02 00:00:00,3807.0,2674.0,3189.0,17.0,3184.0,2.0,839.0,,,
86260.0,Reflects patients tested through SMH systems since March 2 2020,37.0,681.0,3.0,13.0,2.0,1.2,39.0,2675.0,62.0,2021-07-02 00:00:00,3807.0,2674.0,3189.0,17.0,3184.0,2.0,839.0,,,
86260.0,Reflects patients tested through SMH systems since March 2 2020,37.0,681.0,3.0,13.0,2.0,1.2,39.0,2675.0,62.0,2021-07-02 00:00:00,3807.0,2674.0,3189.0,17.0,3184.0,2.0,839.0,,,
86260.0,Reflects patients tested through SMH systems since March 2 2020,37.0,681.0,3.0,13.0,2.0,1.2,39.0,2675.0,62.0,2021-07-02 00:00:00,3807.0,2674.0,3189.0,17.0,3184.0,2.0,839.0,,,
86762.0,Reflects patients tested through SMH systems since March 2 2020,38.0,622.0,3.0,10.0,,2.0,42.0,2683.0,62.0,2021-07-06 00:00:00,3829.0,2679.0,3204.0,,3199.0,3.0,839.0,,,
86918.0,Reflects patients tested through SMH systems since March 2 2020,42.0,662.0,3.0,11.0,,2.0,39.0,2686.0,62.0,2021-07-07 00:00:00,3836.0,2683.0,3207.0,10.0,3199.0,3.4,839.0,,,
87.0,Reflects patients tested through SMH systems since March 2 2020,39.0,656.0,2.0,15.0,3.0,2.0,37.0,2691.0,62.0,2021-07-08 00:00:00,3850.0,2686.0,3212.0,11.0,3207.0,4.5,839.0,,,
87281.0,Reflects patients tested through SMH systems since March 2 2020,37.0,685.0,2.0,18.0,,2.0,43.0,2696.0,62.0,2021-07-09 00:00:00,3866.0,2691.0,3219.0,15.0,3212.0,5.4,839.0,,,
87281.0,Reflects patients tested through SMH systems since March 2 2020,37.0,685.0,2.0,18.0,,2.0,43.0,2696.0,62.0,2021-07-09 00:00:00,3866.0,2691.0,3219.0,15.0,3212.0,5.4,839.0,,,
87281.0,Reflects patients tested through SMH systems since March 2 2020,37.0,685.0,2.0,18.0,,2.0,43.0,2696.0,62.0,2021-07-09 00:00:00,3866.0,2691.0,3219.0,15.0,3212.0,5.4,839.0,,,
87695.0,Reflects patients tested through SMH systems since March 2 2020,43.0,658.0,2.0,23.0,,5.4,34.0,2708.0,62.0,2021-07-12 00:00:00,3905.0,2696.0,3236.0,18.0,3219.0,6.9,839.0,,,
87884.0,Reflects patients tested through SMH systems since March 2 2020,34.0,721.0,4.0,29.0,2.0,5.4,42.0,2718.0,62.0,2021-07-13 00:00:00,3917.0,2708.0,3242.0,23.0,3236.0,7.2,839.0,,,
88413.0,Reflects patients tested through SMH systems since March 2 2020,37.0,743.0,6.0,26.0,3.0,5.4,40.0,2731.0,62.0,2021-07-16 00:00:00,3960.0,2726.0,3265.0,25.0,3258.0,7.7,839.0,,,
88413.0,Reflects patients tested through SMH systems since March 2 2020,37.0,743.0,6.0,26.0,3.0,5.4,40.0,2731.0,62.0,2021-07-16 00:00:00,3960.0,2726.0,3265.0,25.0,3258.0,7.7,839.0,,,
88803.0,Reflects patients tested through SMH systems since March 2 2020,40.0,640.0,7.0,36.0,6.0,7.7,34.0,2751.0,62.0,2021-07-19 00:00:00,4008.0,2731.0,3286.0,26.0,3265.0,8.5,839.0,,,
89003.0,Reflects patients tested through SMH systems since March 2 2020,34.0,721.0,6.0,43.0,7.0,7.7,37.0,2761.0,62.0,2021-07-20 00:00:00,4025.0,2751.0,3290.0,36.0,3286.0,8.7,839.0,,,
89199.0,Reflects patients tested through SMH systems since March 2 2020,37.0,725.0,5.0,43.0,6.0,7.7,41.0,2767.0,62.0,2021-07-21 00:00:00,4050.0,2751.0,3301.0,,3290.0,9.7,839.0,,,
89442.0,Reflects patients tested through SMH systems since March 2 2020,41.0,752.0,6.0,54.0,5.0,7.7,43.0,2781.0,62.0,2021-07-22 00:00:00,4094.0,2767.0,3312.0,43.0,3301.0,11.0,839.0,,,
89700.0,Reflects patients tested through SMH systems since March 2 2020,43.0,720.0,7.0,54.0,6.0,7.7,42.0,2793.0,62.0,2021-07-23 00:00:00,4128.0,2781.0,3331.0,,3312.0,11.5,839.0,,,
89700.0,Reflects patients tested through SMH systems since March 2 2020,43.0,720.0,7.0,54.0,6.0,7.7,42.0,2793.0,62.0,2021-07-23 00:00:00,4128.0,2781.0,3331.0,,3312.0,11.5,839.0,,,
89700.0,Reflects patients tested through SMH systems since March 2 2020,43.0,720.0,7.0,54.0,6.0,7.7,42.0,2793.0,62.0,2021-07-23 00:00:00,4128.0,2781.0,3331.0,,3312.0,11.5,839.0,,,
90420.0,Reflects patients tested through SMH systems since March 2 2020,42.0,677.0,11.0,86.0,7.0,11.5,40.0,2849.0,62.0,2021-07-26 00:00:00,4210.0,2793.0,3372.0,54.0,3331.0,11.1,839.0,,,
90725.0,Reflects patients tested through SMH systems since March 2 2020,40.0,730.0,15.0,92.0,11.0,11.5,44.0,2863.0,62.0,2021-07-27 00:00:00,4233.0,2849.0,3392.0,86.0,3372.0,10.1,839.0,,,
91220.0,Reflects patients tested through SMH systems since March 2 2020,44.0,760.0,21.0,92.0,15.0,11.5,47.0,2883.0,62.0,2021-07-28 00:00:00,4290.0,2863.0,3405.0,,3392.0,10.5,839.0,,,
91509.0,Reflects patients tested through SMH systems since March 2 2020,47.0,737.0,23.0,95.0,21.0,11.5,52.0,2903.0,62.0,2021-07-29 00:00:00,4339.0,2883.0,3432.0,92.0,3405.0,10.7,839.0,,,
91795.0,Reflects patients tested through SMH systems since March 2 2020,52.0,759.0,29.0,115.0,23.0,11.5,59.0,2938.0,72.0,2021-07-30 00:00:00,4391.0,2903.0,3459.0,95.0,3432.0,11.2,839.0,,,
91795.0,Reflects patients tested through SMH systems since March 2 2020,52.0,759.0,29.0,115.0,23.0,11.5,59.0,2938.0,62.0,2021-07-30 00:00:00,4391.0,2903.0,3459.0,95.0,3432.0,11.2,839.0,,,
91795.0,Reflects patients tested through SMH systems since March 2 2020,52.0,759.0,29.0,115.0,23.0,11.5,59.0,2938.0,72.0,2021-07-30 00:00:00,4391.0,2903.0,3459.0,95.0,3432.0,11.2,839.0,,,
92731.0,Reflects patients tested through SMH systems since March 2 2020,59.0,703.0,29.0,131.0,,11.2,63.0,2997.0,72.0,2021-08-02 00:00:00,4546.0,2938.0,3530.0,115.0,3459.0,12.7,839.0,,,
93214.0,Reflects patients tested through SMH systems since March 2 2020,63.0,763.0,28.0,136.0,29.0,11.2,62.0,3025.0,78.0,2021-08-03 00:00:00,4609.0,2997.0,3560.0,131.0,3530.0,13.0,839.0,,,
93555.0,Reflects patients tested through SMH systems since March 2 2020,62.0,756.0,32.0,140.0,28.0,11.2,63.0,3046.0,78.0,2021-08-04 00:00:00,4656.0,3025.0,3590.0,136.0,3560.0,13.2,839.0,,,
93898.0,Reflects patients tested through SMH systems since March 2 2020,63.0,729.0,36.0,160.0,32.0,11.2,70.0,3080.0,78.0,2021-08-05 00:00:00,4716.0,3046.0,3618.0,140.0,3590.0,13.5,839.0,,,
94250.0,Reflects patients tested through SMH systems since March 2 2020,70.0,756.0,38.0,170.0,36.0,11.2,65.0,3107.0,78.0,2021-08-06 00:00:00,4783.0,3080.0,3652.0,160.0,3618.0,13.8,839.0,,,
94250.0,Reflects patients tested through SMH systems since March 2 2020,70.0,756.0,38.0,170.0,36.0,11.2,65.0,3107.0,78.0,2021-08-06 00:00:00,4783.0,3080.0,3652.0,160.0,3618.0,13.8,839.0,,,
94250.0,Reflects patients tested through SMH systems since March 2 2020,70.0,756.0,38.0,170.0,36.0,11.2,65.0,3107.0,78.0,2021-08-06 00:00:00,4783.0,3080.0,3652.0,160.0,3618.0,13.8,839.0,,,
95118.0,Reflects patients tested through SMH systems since March 2 2020,65.0,729.0,41.0,192.0,38.0,13.8,63.0,3197.0,80.0,2021-08-09 00:00:00,5003.0,3107.0,3771.0,170.0,3652.0,16.0,839.0,89.0,,
95559.0,Reflects patients tested through SMH systems since March 2 2020,63.0,767.0,44.0,201.0,41.0,13.8,68.0,3229.0,80.0,2021-08-10 00:00:00,5088.0,3197.0,3811.0,192.0,3771.0,16.9,839.0,89.0,,
95924.0,Reflects patients tested through SMH systems since March 2 2020,68.0,782.0,44.0,211.0,,13.8,73.0,3266.0,90.0,2021-08-11 00:00:00,5164.0,3229.0,3862.0,201.0,3811.0,17.4,839.0,89.0,,
96260.0,Reflects patients tested through SMH systems since March 2 2020,73.0,782.0,45.0,205.0,44.0,13.8,69.0,3290.0,90.0,2021-08-12 00:00:00,5262.0,3266.0,3914.0,211.0,3862.0,18.7,839.0,90.0,,
96558.0,Reflects patients tested through SMH systems since March 2 2020,69.0,783.0,47.0,209.0,45.0,13.8,75.0,3329.0,90.0,2021-08-13 00:00:00,5316.0,3290.0,3962.0,205.0,3914.0,18.2,839.0,90.0,,
96558.0,Reflects patients tested through SMH systems since March 2 2020,69.0,783.0,47.0,209.0,45.0,13.8,75.0,3329.0,90.0,2021-08-13 00:00:00,5316.0,3290.0,3962.0,205.0,3914.0,18.2,839.0,90.0,,
96558.0,Reflects patients tested through SMH systems since March 2 2020,69.0,783.0,47.0,209.0,45.0,13.8,75.0,3329.0,90.0,2021-08-13 00:00:00,5316.0,3290.0,3962.0,205.0,3914.0,18.2,839.0,90.0,,
97557.0,Reflects patients tested through SMH systems since March 2 2020,71.0,791.0,51.0,230.0,46.0,18.2,76.0,3441.0,94.0,2021-08-16 00:00:00,5575.0,3409.0,4110.0,228.0,4063.0,18.8,839.0,89.0,,
97995.0,Reflects patients tested through SMH systems since March 2 2020,,776.0,52.0,239.0,51.0,18.2,76.0,3480.0,100.0,2021-08-17 00:00:00,5664.0,3441.0,4154.0,230.0,4110.0,18.9,839.0,89.0,,
98444.0,Reflects patients tested through SMH systems since March 2 2020,76.0,772.0,48.0,250.0,52.0,18.2,70.0,3518.0,98.0,2021-08-18 00:00:00,5771.0,3480.0,4210.0,239.0,4154.0,19.2,839.0,89.0,,
98866.0,Reflects patients tested through SMH systems since March 2 2020,70.0,772.0,51.0,249.0,48.0,18.2,81.0,3556.0,98.0,2021-08-19 00:00:00,5867.0,3518.0,4268.0,250.0,4210.0,18.7,839.0,86.0,,
99233.0,Reflects patients tested through SMH systems since March 2 2020,81.0,797.0,54.0,256.0,51.0,18.2,85.0,3594.0,97.0,2021-08-20 00:00:00,5950.0,3556.0,4323.0,249.0,4268.0,18.9,839.0,86.0,,
99233.0,Reflects patients tested through SMH systems since March 2 2020,81.0,797.0,54.0,256.0,51.0,18.2,85.0,3594.0,97.0,2021-08-20 00:00:00,5950.0,3556.0,4323.0,249.0,4268.0,18.9,839.0,86.0,,
99233.0,Reflects patients tested through SMH systems since March 2 2020,81.0,797.0,54.0,256.0,51.0,18.2,85.0,3594.0,97.0,2021-08-20 00:00:00,5950.0,3556.0,4323.0,249.0,4268.0,18.9,839.0,86.0,,
100185.0,Reflects patients tested through SMH systems since March 2 2020,86.0,787.0,48.0,274.0,56.0,18.9,80.0,3725.0,97.0,2021-08-23 00:00:00,6196.0,3685.0,4448.0,284.0,4382.0,19.1,839.0,90.0,,
100637.0,Reflects patients tested through SMH systems since March 2 2020,80.0,808.0,52.0,278.0,48.0,18.9,86.0,3771.0,97.0,2021-08-24 00:00:00,6289.0,3725.0,4510.0,274.0,4448.0,19.0,839.0,90.0,,
101125.0,Reflects patients tested through SMH systems since March 2 2020,86.0,824.0,59.0,273.0,52.0,18.9,89.0,3809.0,97.0,2021-08-25 00:00:00,6376.0,3771.0,4576.0,278.0,4510.0,18.3,839.0,90.0,,
101514.0,Reflects patients tested through SMH systems since March 2 2020,89.0,814.0,58.0,271.0,59.0,18.9,97.0,3838.0,101.0,2021-08-26 00:00:00,6458.0,3809.0,4630.0,273.0,4576.0,18.2,839.0,88.0,,
101856.0,Reflects patients tested through SMH systems since March 2 2020,97.0,805.0,58.0,262.0,,18.9,101.0,3879.0,118.0,2021-08-27 00:00:00,6531.0,3838.0,4692.0,271.0,4630.0,17.9,839.0,88.0,,
101856.0,Reflects patients tested through SMH systems since March 2 2020,97.0,805.0,58.0,262.0,,18.9,101.0,3879.0,118.0,2021-08-27 00:00:00,6531.0,3838.0,4692.0,271.0,4630.0,17.9,839.0,88.0,,
101856.0,Reflects patients tested through SMH systems since March 2 2020,97.0,805.0,58.0,262.0,,18.9,101.0,3879.0,118.0,2021-08-27 00:00:00,6531.0,3838.0,4692.0,271.0,4630.0,17.9,839.0,88.0,,
102828.0,Reflects patients tested through SMH systems since March 2 2020,106.0,818.0,68.0,277.0,69.0,17.9,110.0,4002.0,114.0,2021-08-30 00:00:00,6738.0,3971.0,4847.0,291.0,4786.0,16.9,839.0,83.0,,
103245.0,Reflects patients tested through SMH systems since March 2 2020,,802.0,68.0,272.0,,17.9,110.0,4040.0,114.0,2021-08-31 00:00:00,6817.0,4002.0,4910.0,277.0,4847.0,16.9,839.0,83.0,,
103639.0,Reflects patients tested through SMH systems since March 2 2020,110.0,799.0,69.0,265.0,68.0,17.9,108.0,4071.0,120.0,2021-09-01 00:00:00,6892.0,4040.0,4960.0,272.0,4910.0,17.2,839.0,83.0,,
103940.0,Reflects patients tested through SMH systems since March 2 2020,108.0,759.0,69.0,223.0,,17.9,106.0,4098.0,120.0,2021-09-02 00:00:00,6949.0,4071.0,5009.0,265.0,4960.0,16.7,839.0,83.0,,
104240.0,Reflects patients tested through SMH systems since March 2 2020,106.0,777.0,63.0,241.0,69.0,17.9,108.0,4129.0,120.0,2021-09-03 00:00:00,6998.0,4071.0,5059.0,253.0,5009.0,16.6,839.0,83.0,,
104240.0,Reflects patients tested through SMH systems since March 2 2020,106.0,777.0,63.0,241.0,69.0,17.9,108.0,4129.0,120.0,2021-09-03 00:00:00,6998.0,4071.0,5059.0,253.0,5009.0,16.6,839.0,83.0,,
104240.0,Reflects patients tested through SMH systems since March 2 2020,106.0,777.0,63.0,241.0,69.0,17.9,108.0,4129.0,120.0,2021-09-03 00:00:00,6998.0,4071.0,5059.0,253.0,5009.0,16.6,839.0,83.0,,
104240.0,Reflects patients tested through SMH systems since March 2 2020,106.0,777.0,63.0,241.0,69.0,17.9,108.0,4129.0,120.0,2021-09-03 00:00:00,6998.0,4071.0,5059.0,253.0,5009.0,16.6,839.0,83.0,,
104240.0,Reflects patients tested through SMH systems since March 2 2020,106.0,777.0,63.0,241.0,69.0,17.9,108.0,4129.0,120.0,2021-09-03 00:00:00,6998.0,4071.0,5059.0,253.0,5009.0,16.6,839.0,83.0,,
105693.0,Reflects patients tested through SMH systems since March 2 2020,,796.0,,,,16.6,103.0,4266.0,116.0,2021-09-08 00:00:00,7240.0,4241.0,5229.0,,,14.4,839.0,,,
106090.0,Reflects patients tested through SMH systems since March 2 2020,103.0,785.0,,,,16.6,96.0,4295.0,116.0,2021-09-09 00:00:00,7289.0,4266.0,,,,13.5,839.0,,,
106416.0,Reflects patients tested through SMH systems since March 2 2020,96.0,788.0,,,,16.6,99.0,4320.0,116.0,2021-09-10 00:00:00,7325.0,4295.0,,,,13.1,839.0,,,
106416.0,Reflects patients tested through SMH systems since March 2 2020,96.0,788.0,,,,16.6,99.0,4320.0,116.0,2021-09-10 00:00:00,7325.0,4295.0,,,,13.1,839.0,,,
106416.0,Reflects patients tested through SMH systems since March 2 2020,96.0,788.0,,,,16.6,99.0,4320.0,116.0,2021-09-10 00:00:00,7325.0,4295.0,,,,13.1,839.0,,,
107162.0,Reflects patients tested through SMH systems since March 2 2020,97.0,746.0,,,,13.1,89.0,4378.0,116.0,2021-09-13 00:00:00,7416.0,4358.0,,,,11.1,839.0,,,
107506.0,Reflects patients tested through SMH systems since March 2 2020,89.0,749.0,,,,13.1,81.0,4397.0,116.0,2021-09-14 00:00:00,7452.0,4378.0,,,,10.1,839.0,,,
107861.0,Reflects patients tested through SMH systems since March 2 2020,81.0,777.0,63.0,198.0,66.0,13.1,88.0,4419.0,100.0,2021-09-15 00:00:00,7493.0,4397.0,,207.0,,10.5,839.0,84.0,434.0,425.0
108151.0,Reflects patients tested through SMH systems since March 2 2020,88.0,746.0,64.0,187.0,63.0,13.1,86.0,4435.0,100.0,2021-09-16 00:00:00,7521.0,4419.0,,198.0,,10.2,839.0,84.0,438.0,434.0
108455.0,Reflects patients tested through SMH systems since March 2 2020,88.0,738.0,62.0,177.0,64.0,13.1,86.0,4450.0,100.0,2021-09-17 00:00:00,7538.0,4435.0,,187.0,,9.4,839.0,84.0,441.0,438.0
108455.0,Reflects patients tested through SMH systems since March 2 2020,88.0,738.0,62.0,177.0,64.0,13.1,86.0,4450.0,100.0,2021-09-17 00:00:00,7538.0,4435.0,,187.0,,9.4,839.0,84.0,441.0,438.0
108455.0,Reflects patients tested through SMH systems since March 2 2020,88.0,738.0,62.0,177.0,64.0,13.1,86.0,4450.0,100.0,2021-09-17 00:00:00,7538.0,4435.0,,187.0,,9.4,839.0,84.0,441.0,438.0
109196.0,Reflects patients tested through SMH systems since March 2 2020,85.0,701.0,63.0,167.0,60.0,9.4,81.0,4491.0,90.0,2021-09-20 00:00:00,7585.0,4478.0,,165.0,,7.7,839.0,84.0,451.0,448.0
109582.0,Reflects patients tested through SMH systems since March 2 2020,81.0,744.0,62.0,162.0,63.0,9.4,82.0,4506.0,90.0,2021-09-21 00:00:00,7610.0,4491.0,,167.0,,7.1,839.0,84.0,454.0,451.0
109892.0,Reflects patients tested through SMH systems since March 2 2020,82.0,731.0,57.0,150.0,62.0,9.4,80.0,4516.0,90.0,2021-09-22 00:00:00,7624.0,4506.0,,162.0,,6.0,839.0,83.0,456.0,454.0
110157.0,Reflects patients tested through SMH systems since March 2 2020,80.0,710.0,54.0,143.0,57.0,9.4,79.0,4528.0,90.0,2021-09-23 00:00:00,7640.0,4516.0,,150.0,,5.6,839.0,83.0,461.0,456.0
110442.0,Reflects patients tested through SMH systems since March 2 2020,79.0,709.0,54.0,137.0,,9.4,83.0,4541.0,90.0,2021-09-24 00:00:00,7657.0,4528.0,,143.0,,5.7,839.0,83.0,464.0,461.0
110442.0,Reflects patients tested through SMH systems since March 2 2020,79.0,709.0,54.0,137.0,,9.4,83.0,4541.0,90.0,2021-09-24 00:00:00,7657.0,4528.0,,143.0,,5.7,839.0,83.0,464.0,461.0
110442.0,Reflects patients tested through SMH systems since March 2 2020,79.0,709.0,54.0,137.0,,9.4,83.0,4541.0,90.0,2021-09-24 00:00:00,7657.0,4528.0,,143.0,,5.7,839.0,83.0,464.0,461.0
111146.0,Reflects patients tested through SMH systems since March 2 2020,85.0,691.0,57.0,129.0,54.0,5.7,90.0,4568.0,94.0,2021-09-27 00:00:00,7695.0,4564.0,,134.0,,5.4,839.0,83.0,471.0,469.0
111526.0,Reflects patients tested through SMH systems since March 2 2020,90.0,753.0,53.0,120.0,57.0,5.7,93.0,4578.0,104.0,2021-09-28 00:00:00,7711.0,4568.0,,129.0,,5.0,839.0,83.0,472.0,471.0
111877.0,Reflects patients tested through SMH systems since March 2 2020,93.0,728.0,51.0,111.0,53.0,5.7,87.0,4582.0,104.0,2021-09-29 00:00:00,7725.0,4578.0,,120.0,,4.8,839.0,84.0,472.0,
112131.0,Reflects patients tested through SMH systems since March 2 2020,87.0,715.0,53.0,97.0,51.0,5.7,88.0,4589.0,104.0,2021-09-30 00:00:00,7742.0,4582.0,,111.0,,4.9,839.0,84.0,478.0,472.0
112394.0,Reflects patients tested through SMH systems since March 2 2020,88.0,720.0,50.0,100.0,53.0,5.7,81.0,4597.0,104.0,2021-10-01 00:00:00,7750.0,4589.0,,97.0,,4.5,839.0,84.0,480.0,478.0
112394.0,Reflects patients tested through SMH systems since March 2 2020,88.0,720.0,50.0,100.0,53.0,5.7,81.0,4597.0,104.0,2021-10-01 00:00:00,7750.0,4589.0,,97.0,,4.5,839.0,84.0,480.0,478.0
112394.0,Reflects patients tested through SMH systems since March 2 2020,88.0,720.0,50.0,100.0,53.0,5.7,81.0,4597.0,104.0,2021-10-01 00:00:00,7750.0,4589.0,,97.0,,4.5,839.0,84.0,480.0,478.0
113206.0,Reflects patients tested through SMH systems since March 2 2020,76.0,684.0,41.0,79.0,45.0,4.5,72.0,4609.0,91.0,2021-10-04 00:00:00,7760.0,4607.0,,88.0,,3.1,839.0,84.0,486.0,483.0
113621.0,Reflects patients tested through SMH systems since March 2 2020,72.0,724.0,38.0,76.0,41.0,4.5,74.0,4612.0,91.0,2021-10-05 00:00:00,7770.0,4609.0,,79.0,,2.7,839.0,84.0,488.0,486.0
113990.0,Reflects patients tested through SMH systems since March 2 2020,,739.0,38.0,74.0,,4.5,74.0,4616.0,91.0,2021-10-06 00:00:00,7779.0,4612.0,,76.0,,2.5,839.0,81.0,488.0,
114277.0,Reflects patients tested through SMH systems since March 2 2020,74.0,764.0,37.0,73.0,38.0,4.5,69.0,4619.0,87.0,2021-10-07 00:00:00,7788.0,4616.0,,74.0,,2.1,839.0,81.0,489.0,488.0
114552.0,Reflects patients tested through SMH systems since March 2 2020,69.0,766.0,39.0,75.0,37.0,4.5,72.0,4627.0,87.0,2021-10-08 00:00:00,7796.0,4619.0,,73.0,,2.1,839.0,81.0,491.0,489.0
114552.0,Reflects patients tested through SMH systems since March 2 2020,69.0,766.0,39.0,75.0,37.0,4.5,72.0,4627.0,87.0,2021-10-08 00:00:00,7796.0,4619.0,,73.0,,2.1,839.0,81.0,491.0,489.0
114552.0,Reflects patients tested through SMH systems since March 2 2020,69.0,766.0,39.0,75.0,37.0,4.5,72.0,4627.0,87.0,2021-10-08 00:00:00,7796.0,4619.0,,73.0,,2.1,839.0,81.0,491.0,489.0
115318.0,Reflects patients tested through SMH systems since March 2 2020,69.0,667.0,31.0,59.0,32.0,2.1,68.0,4634.0,84.0,2021-10-11 00:00:00,7814.0,4629.0,,62.0,,2.5,839.0,81.0,498.0,495.0
115740.0,Reflects patients tested through SMH systems since March 2 2020,68.0,703.0,33.0,58.0,31.0,2.1,75.0,4637.0,84.0,2021-10-12 00:00:00,7821.0,4634.0,,59.0,,2.3,839.0,81.0,499.0,498.0
116082.0,Reflects patients tested through SMH systems since March 2 2020,75.0,725.0,30.0,61.0,33.0,2.1,72.0,4645.0,81.0,2021-10-13 00:00:00,7827.0,4637.0,,58.0,,2.2,839.0,84.0,499.0,
116343.0,Reflects patients tested through SMH systems since March 2 2020,72.0,728.0,30.0,59.0,,2.1,66.0,4648.0,81.0,2021-10-14 00:00:00,7836.0,4645.0,,61.0,,2.3,839.0,84.0,500.0,499.0
116599.0,Reflects patients tested through SMH systems since March 2 2020,66.0,734.0,31.0,54.0,30.0,2.1,71.0,4649.0,81.0,2021-10-15 00:00:00,7843.0,4648.0,,59.0,,2.2,839.0,84.0,500.0,
116599.0,Reflects patients tested through SMH systems since March 2 2020,66.0,734.0,31.0,54.0,30.0,2.1,71.0,4649.0,81.0,2021-10-15 00:00:00,7843.0,4648.0,,59.0,,2.2,839.0,84.0,500.0,
116599.0,Reflects patients tested through SMH systems since March 2 2020,66.0,734.0,31.0,54.0,30.0,2.1,71.0,4649.0,81.0,2021-10-15 00:00:00,7843.0,4648.0,,59.0,,2.2,839.0,84.0,500.0,
117365.0,Reflects patients tested through SMH systems since March 2 2020,,690.0,25.0,51.0,29.0,2.1,63.0,4654.0,81.0,2021-10-18 00:00:00,7855.0,,,56.0,,2.0,839.0,84.0,505.0,501.0
117781.0,Reflects patients tested through SMH systems since March 2 2020,63.0,746.0,23.0,44.0,25.0,2.1,55.0,4657.0,71.0,2021-10-19 00:00:00,7861.0,4654.0,,51.0,,2.0,839.0,84.0,508.0,505.0
118112.0,Reflects patients tested through SMH systems since March 2 2020,55.0,792.0,21.0,42.0,23.0,2.1,59.0,4660.0,72.0,2021-10-20 00:00:00,7871.0,4657.0,,44.0,,2.1,839.0,88.0,510.0,508.0
118391.0,Reflects patients tested through SMH systems since March 2 2020,,738.0,20.0,41.0,21.0,2.1,59.0,4663.0,72.0,2021-10-21 00:00:00,7876.0,4660.0,,42.0,,1.9,839.0,88.0,511.0,510.0
118633.0,Reflects patients tested through SMH systems since March 2 2020,59.0,706.0,18.0,36.0,20.0,2.1,58.0,4664.0,72.0,2021-10-22 00:00:00,7879.0,4663.0,,41.0,,1.8,839.0,88.0,513.0,511.0
118633.0,Reflects patients tested through SMH systems since March 2 2020,59.0,706.0,18.0,36.0,20.0,2.1,58.0,4664.0,72.0,2021-10-22 00:00:00,7879.0,4663.0,,41.0,,1.8,839.0,88.0,513.0,511.0
118633.0,Reflects patients tested through SMH systems since March 2 2020,59.0,706.0,18.0,36.0,20.0,2.1,58.0,4664.0,72.0,2021-10-22 00:00:00,7879.0,4663.0,,41.0,,1.8,839.0,88.0,513.0,511.0
119394.0,Reflects patients tested through SMH systems since March 2 2020,51.0,670.0,16.0,32.0,12.0,1.8,58.0,4668.0,72.0,2021-10-25 00:00:00,7903.0,4667.0,,34.0,,2.3,839.0,88.0,514.0,513.0
119799.0,Reflects patients tested through SMH systems since March 2 2020,58.0,687.0,14.0,30.0,16.0,1.8,54.0,4669.0,72.0,2021-10-26 00:00:00,7910.0,4668.0,,32.0,,2.4,839.0,88.0,515.0,514.0
120125.0,Reflects patients tested through SMH systems since March 2 2020,54.0,705.0,13.0,27.0,14.0,1.8,51.0,4669.0,72.0,2021-10-27 00:00:00,7915.0,,,30.0,,2.2,839.0,81.0,516.0,515.0
120412.0,Reflects patients tested through SMH systems since March 2 2020,51.0,706.0,12.0,27.0,13.0,1.8,57.0,4671.0,62.0,2021-10-28 00:00:00,7918.0,4669.0,,,,2.0,839.0,81.0,518.0,516.0
120658.0,Reflects patients tested through SMH systems since March 2 2020,57.0,697.0,12.0,28.0,,1.8,58.0,4672.0,62.0,2021-10-29 00:00:00,7923.0,4671.0,,27.0,,2.1,839.0,81.0,518.0,
120658.0,Reflects patients tested through SMH systems since March 2 2020,57.0,697.0,12.0,28.0,,1.8,58.0,4672.0,62.0,2021-10-29 00:00:00,7923.0,4671.0,,27.0,,2.1,839.0,81.0,518.0,
120658.0,Reflects patients tested through SMH systems since March 2 2020,57.0,697.0,12.0,28.0,,1.8,58.0,4672.0,62.0,2021-10-29 00:00:00,7923.0,4671.0,,27.0,,2.1,839.0,81.0,518.0,
121415.0,Reflects patients tested through SMH systems since March 2 2020,50.0,635.0,9.0,25.0,12.0,2.1,52.0,4678.0,62.0,2021-11-01 00:00:00,7934.0,4677.0,,32.0,,1.5,839.0,81.0,520.0,518.0
121846.0,Reflects patients tested through SMH systems since March 2 2020,,699.0,7.0,21.0,9.0,2.1,52.0,4678.0,62.0,2021-11-02 00:00:00,7939.0,,,25.0,,1.4,839.0,81.0,523.0,520.0
121201.0,Reflects patients tested through SMH systems since March 2 2020,52.0,727.0,6.0,22.0,7.0,2.1,56.0,4680.0,62.0,2021-11-03 00:00:00,7946.0,4678.0,,21.0,,1.5,839.0,82.0,523.0,
122527.0,Reflects patients tested through SMH systems since March 2 2020,56.0,737.0,6.0,20.0,,2.1,55.0,4680.0,62.0,2021-11-04 00:00:00,7949.0,,,22.0,,1.5,839.0,82.0,523.0,
122527.0,Reflects patients tested through SMH systems since March 2 2020,56.0,737.0,6.0,20.0,,2.1,55.0,4680.0,62.0,2021-11-04 00:00:00,7949.0,,,22.0,,1.5,839.0,82.0,523.0,
122527.0,Reflects patients tested through SMH systems since March 2 2020,56.0,737.0,6.0,20.0,,2.1,55.0,4680.0,62.0,2021-11-04 00:00:00,7949.0,,,22.0,,1.5,839.0,82.0,523.0,
122527.0,Reflects patients tested through SMH systems since March 2 2020,56.0,737.0,6.0,20.0,,2.1,55.0,4680.0,62.0,2021-11-04 00:00:00,7949.0,,,22.0,,1.5,839.0,82.0,523.0,
123578.0,Reflects patients tested through SMH systems since March 2 2020,50.0,686.0,8.0,22.0,7.0,1.3,47.0,4690.0,62.0,2021-11-08 00:00:00,7969.0,4687.0,,21.0,,1.6,839.0,82.0,523.0,
124040.0,Reflects patients tested through SMH systems since March 2 2020,47.0,752.0,8.0,22.0,,1.3,50.0,4691.0,62.0,2021-11-09 00:00:00,7972.0,4690.0,,,,1.5,839.0,82.0,523.0,
124371.0,Reflects patients tested through SMH systems since March 2 2020,50.0,743.0,8.0,24.0,,1.3,51.0,4695.0,62.0,2021-11-10 00:00:00,7977.0,4690.0,,22.0,,1.3,839.0,79.0,523.0,
124733.0,Reflects patients tested through SMH systems since March 2 2020,51.0,727.0,9.0,23.0,8.0,1.3,52.0,4696.0,62.0,2021-11-11 00:00:00,7984.0,4695.0,,24.0,,1.6,839.0,79.0,523.0,
125006.0,Reflects patients tested through SMH systems since March 2 2020,52.0,698.0,8.0,21.0,9.0,1.3,49.0,4697.0,62.0,2021-11-12 00:00:00,7990.0,4696.0,,23.0,,1.7,839.0,79.0,523.0,
125006.0,Reflects patients tested through SMH systems since March 2 2020,52.0,698.0,8.0,21.0,9.0,1.3,49.0,4697.0,62.0,2021-11-12 00:00:00,7990.0,4696.0,,23.0,,1.7,839.0,79.0,523.0,
125006.0,Reflects patients tested through SMH systems since March 2 2020,52.0,698.0,8.0,21.0,9.0,1.3,49.0,4697.0,62.0,2021-11-12 00:00:00,7990.0,4696.0,,23.0,,1.7,839.0,79.0,523.0,
125962.0,Reflects patients tested through SMH systems since March 2 2020,51.0,633.0,7.0,16.0,,1.7,45.0,4698.0,62.0,2021-11-15 00:00:00,7997.0,,,17.0,,1.2,839.0,79.0,524.0,
,,,,6.0,,7.0,,,,,2021-11-16 00:00:00,,,,,,,,,524.0,
,,,,6.0,,,,,,,2021-11-17 00:00:00,,,,,,,,,524.0,
,,,,5.0,,6.0,,,,,2021-11-18 00:00:00,,,,,,,,,524.0,
,,,,5.0,,,,,,,2021-11-19 00:00:00,,,,,,,,,525.0,524.0
,,,,5.0,,,,,,,2021-11-19 00:00:00,,,,,,,,,525.0,524.0
,,,,5.0,,,,,,,2021-11-19 00:00:00,,,,,,,,,525.0,524.0
,,,,5.0,,,,,,,2021-11-22 00:00:00,,,,,,,,,525.0,
,,,,5.0,,,,,,,2021-11-23 00:00:00,,,,,,,,,525.0,
,,,,5.0,,,,,,,2021-11-23 00:00:00,,,,,,,,,525.0,
,,,,5.0,,,,,,,2021-11-23 00:00:00,,,,,,,,,525.0,
,,,,5.0,,,,,,,2021-11-23 00:00:00,,,,,,,,,525.0,
,,,,5.0,,,,,,,2021-11-23 00:00:00,,,,,,,,,525.0,
,,,,5.0,,,,,,,2021-11-23 00:00:00,,,,,,,,,525.0,
,,,,4.0,,,,,,,2021-11-29 00:00:00,,,,,,,,,525.0,
,,,,4.0,,,,,,,2021-11-30 00:00:00,,,,,,,,,525.0,
,,,,5.0,,4.0,,,,,2021-12-01 00:00:00,,,,,,,,,525.0,
,,,,5.0,,,,,,,2021-12-02 00:00:00,,,,,,,,,525.0,
,,,,6.0,,5.0,,,,,2021-12-03 00:00:00,,,,,,,,,526.0,525.0
,,,,6.0,,5.0,,,,,2021-12-03 00:00:00,,,,,,,,,526.0,525.0
,,,,6.0,,5.0,,,,,2021-12-03 00:00:00,,,,,,,,,526.0,525.0
,,,,4.0,,5.0,,,,,2021-12-06 00:00:00,,,,,,,,,528.0,527.0
,,,,4.0,,,,,,,2021-12-07 00:00:00,,,,,,,,,528.0,
,,,,4.0,,,,,,,2021-12-08 00:00:00,,,,,,,,,528.0,
,,,,3.0,,4.0,,,,,2021-12-09 00:00:00,,,,,,,,,529.0,528.0
,,,,3.0,,,,,,,2021-12-10 00:00:00,,,,,,,,,529.0,
,,,,3.0,,,,,,,2021-12-10 00:00:00,,,,,,,,,529.0,
,,,,3.0,,,,,,,2021-12-10 00:00:00,,,,,,,,,529.0,
,,,,2.0,,,,,,,2021-12-13 00:00:00,,,,,,,,,529.0,
,,,,3.0,,2.0,,,,,2021-12-14 00:00:00,,,,,,,,,529.0,
,,,,3.0,,2.0,,,,,2021-12-14 00:00:00,,,,,,,,,529.0,
,,,,7.0,,4.0,,,,,2021-12-16 00:00:00,,,,,,,,,532.0,531.0
,,,,5.0,,7.0,,,,,2021-12-17 00:00:00,,,,,,,,,532.0,
,,,,5.0,,7.0,,,,,2021-12-17 00:00:00,,,,,,,,,532.0,
,,,,5.0,,7.0,,,,,2021-12-17 00:00:00,,,,,,,,,532.0,
,,,,4.0,,6.0,,,,,2021-12-20 00:00:00,,,,,,,,,534.0,533.0
,,,,5.0,,4.0,,,,,2021-12-21 00:00:00,,,,,,,,,534.0,
,,,,5.0,,,,,,,2021-12-22 00:00:00,,,,,,,,,534.0,
,,,,6.0,,5.0,,,,,2021-12-23 00:00:00,,,,,,,,,534.0,
,,,,6.0,,5.0,,,,,2021-12-23 00:00:00,,,,,,,,,534.0,
,,,,6.0,,5.0,,,,,2021-12-23 00:00:00,,,,,,,,,534.0,
,,,,6.0,,5.0,,,,,2021-12-23 00:00:00,,,,,,,,,534.0,
,,,,9.0,,7.0,,,,,2021-12-27 00:00:00,,,,,,,,,534.0,
,,,,9.0,,,,,,,2021-12-28 00:00:00,,,,,,,,,535.0,534.0
,,,,9.0,,,,,,,2021-12-29 00:00:00,,,,,,,,,536.0,535.0
,,,,11.0,,9.0,,,,,2021-12-30 00:00:00,,,,,,,,,536.0,
,,,,11.0,,9.0,,,,,2021-12-30 00:00:00,,,,,,,,,536.0,
,,,,11.0,,9.0,,,,,2021-12-30 00:00:00,,,,,,,,,536.0,
,,,,11.0,,9.0,,,,,2021-12-30 00:00:00,,,,,,,,,536.0,
,,,,11.0,,9.0,,,,,2022-01-03 00:00:00,,,,,,,,,537.0,
,,,,12.0,,10.0,,,,,2022-01-04 00:00:00,,,,,,,,,537.0,
,,,,15.0,,12.0,,,,,2022-01-05 00:00:00,,,,,,,,,537.0,
,,,,16.0,,15.0,,,,,2022-01-06 00:00:00,,,,,,,,,537.0,
,,,,18.0,,16.0,,,,,2022-01-07 00:00:00,,,,,,,,,537.0,
,,,,18.0,,16.0,,,,,2022-01-07 00:00:00,,,,,,,,,537.0,
,,,,18.0,,16.0,,,,,2022-01-07 00:00:00,,,,,,,,,537.0,
,,,,20.0,,23.0,,,,,2022-01-10 00:00:00,,,,,,,,,539.0,538.0
,,,,23.0,,20.0,,,,,2022-01-11 00:00:00,,,,,,,,,541.0,539.0
,,,,25.0,,23.0,,,,,2022-01-12 00:00:00,,,,,,,,,541.0,
,,,,21.0,,25.0,,,,,2022-01-13 00:00:00,,,,,,,,,543.0,541.0
,,,,25.0,,21.0,,,,,2022-01-14 00:00:00,,,,,,,,,543.0,
,,,,25.0,,21.0,,,,,2022-01-14 00:00:00,,,,,,,,,543.0,
,,,,25.0,,21.0,,,,,2022-01-14 00:00:00,,,,,,,,,543.0,
,,,,26.0,,24.0,,,,,2022-01-17 00:00:00,,,,,,,,,554.0,549.0
,,,,27.0,,26.0,,,,,2022-01-18 00:00:00,,,,,,,,,555.0,554.0
,,,,28.0,,27.0,,,,,2022-01-19 00:00:00,,,,,,,,,557.0,555.0
,,,,29.0,,28.0,,,,,2022-01-20 00:00:00,,,,,,,,,557.0,
,,,,25.0,,29.0,,,,,2022-01-21 00:00:00,,,,,,,,,562.0,557.0
,,,,25.0,,29.0,,,,,2022-01-21 00:00:00,,,,,,,,,562.0,557.0
,,,,25.0,,29.0,,,,,2022-01-21 00:00:00,,,,,,,,,562.0,557.0
,,,,26.0,,28.0,,,,,2022-01-24 00:00:00,,,,,,,,,571.0,568.0
,,,,27.0,,26.0,,,,,2022-01-25 00:00:00,,,,,,,,,574.0,571.0
,,,,23.0,,27.0,,,,,2022-01-26 00:00:00,,,,,,,,,577.0,575.0
,,,,28.0,,23.0,,,,,2022-01-27 00:00:00,,,,,,,,,578.0,577.0
,,,,28.0,,,,,,,2022-01-28 00:00:00,,,,,,,,,580.0,578.0
,,,,28.0,,,,,,,2022-01-28 00:00:00,,,,,,,,,580.0,578.0
,,,,28.0,,,,,,,2022-01-28 00:00:00,,,,,,,,,580.0,578.0
,,,,28.0,,27.0,,,,,2022-01-31 00:00:00,,,,,,,,,590.0,586.0
,,,,28.0,,,,,,,2022-02-01 00:00:00,,,,,,,,,591.0,590.0
,,,,27.0,,28.0,,,,,2022-02-02 00:00:00,,,,,,,,,594.0,591.0
,,,,27.0,,,,,,,2022-02-03 00:00:00,,,,,,,,,597.0,594.0
,,,,24.0,,27.0,,,,,2022-02-04 00:00:00,,,,,,,,,601.0,597.0
,,,,24.0,,27.0,,,,,2022-02-04 00:00:00,,,,,,,,,601.0,597.0
,,,,24.0,,27.0,,,,,2022-02-04 00:00:00,,,,,,,,,601.0,597.0
,,,,24.0,,19.0,,,,,2022-02-07 00:00:00,,,,,,,,,608.0,
,,,,22.0,,24.0,,,,,2022-02-08 00:00:00,,,,,,,,,609.0,608.0
,,,,22.0,,,,,,,2022-02-09 00:00:00,,,,,,,,,609.0,
,,,,21.0,,22.0,,,,,2022-02-10 00:00:00,,,,,,,,,612.0,609.0
,,,,15.0,,21.0,,,,,2022-02-11 00:00:00,,,,,,,,,620.0,612.0
,,,,15.0,,21.0,,,,,2022-02-11 00:00:00,,,,,,,,,620.0,612.0
,,,,15.0,,21.0,,,,,2022-02-11 00:00:00,,,,,,,,,620.0,612.0
,,,,20.0,,21.0,,,,,2022-02-14 00:00:00,,,,,,,,,626.0,625.0
,,,,22.0,,20.0,,,,,2022-02-15 00:00:00,,,,,,,,,628.0,626.0
,,,,21.0,,22.0,,,,,2022-02-16 00:00:00,,,,,,,,,629.0,628.0
,,,,16.0,,21.0,,,,,2022-02-17 00:00:00,,,,,,,,,631.0,629.0
,,,,14.0,,16.0,,,,,2022-02-18 00:00:00,,,,,,,,,633.0,631.0
,,,,14.0,,16.0,,,,,2022-02-18 00:00:00,,,,,,,,,633.0,631.0
,,,,14.0,,16.0,,,,,2022-02-18 00:00:00,,,,,,,,,633.0,631.0
,,,,14.0,,13.0,,,,,2022-02-21 00:00:00,,,,,,,,,635.0,635.0
,,,,14.0,,,,,,,2022-02-22 00:00:00,,,,,,,,,636.0,635.0
,,,,14.0,,,,,,,2022-02-23 00:00:00,,,,,,,,,637.0,636.0
,,,,13.0,,14.0,,,,,2022-02-24 00:00:00,,,,,,,,,640.0,637.0
,,,,12.0,,13.0,,,,,2022-02-25 00:00:00,,,,,,,,,642.0,640.0
,,,,12.0,,13.0,,,,,2022-02-25 00:00:00,,,,,,,,,642.0,640.0
,,,,12.0,,13.0,,,,,2022-02-25 00:00:00,,,,,,,,,642.0,640.0
,,,,8.0,,8.0,,,,,2022-02-28 00:00:00,,,,,,,,,644.0,642.0
,,,,8.0,,8.0,,,,,2022-03-01 00:00:00,,,,,,,,,644.0,644.0
,,,,8.0,,8.0,,,,,2022-03-02 00:00:00,,,,,,,,,645.0,644.0
,,,,11.0,,8.0,,,,,2022-03-03 00:00:00,,,,,,,,,645.0,645.0
,,,,12.0,,11.0,,,,,2022-03-04 00:00:00,,,,,,,,,645.0,645.0
,,,,12.0,,11.0,,,,,2022-03-04 00:00:00,,,,,,,,,645.0,645.0
,,,,12.0,,11.0,,,,,2022-03-04 00:00:00,,,,,,,,,645.0,645.0
,,,,7.0,,12.0,,,,,2022-03-07 00:00:00,,,,,,,,,646.0,646.0
,,,,8.0,,7.0,,,,,2022-03-08 00:00:00,,,,,,,,,646.0,646.0
,,,,9.0,,8.0,,,,,2022-03-09 00:00:00,,,,,,,,,646.0,646.0
,,,,9.0,,9.0,,,,,2022-03-10 00:00:00,,,,,,,,,646.0,646.0
,,,,7.0,,9.0,,,,,2022-03-11 00:00:00,,,,,,,,,646.0,646.0
,,,,7.0,,9.0,,,,,2022-03-11 00:00:00,,,,,,,,,646.0,646.0
,,,,7.0,,9.0,,,,,2022-03-11 00:00:00,,,,,,,,,646.0,646.0
,,,,7.0,,8.0,,,,,2022-03-14 00:00:00,,,,,,,,,647.0,647.0
,,,,7.0,,7.0,,,,,2022-03-15 00:00:00,,,,,,,,,647.0,647.0
,,,,7.0,,7.0,,,,,2022-03-16 00:00:00,,,,,,,,,647.0,647.0
,,,,6.0,,7.0,,,,,2022-03-17 00:00:00,,,,,,,,,647.0,647.0
,,,,6.0,,6.0,,,,,2022-03-18 00:00:00,,,,,,,,,647.0,647.0
,,,,6.0,,6.0,,,,,2022-03-18 00:00:00,,,,,,,,,647.0,647.0
,,,,6.0,,6.0,,,,,2022-03-18 00:00:00,,,,,,,,,647.0,647.0
